node	mat	pat	mat:pat	color
utig4-297	100000	0	100000:0	#FF8888
utig4-735	100000	0	100000:0	#FF8888
utig4-902	100000	0	100000:0	#FF8888
utig4-787	100000	0	100000:0	#FF8888
utig4-21	100000	0	100000:0	#FF8888
utig4-23	100000	0	100000:0	#FF8888
utig4-678	100000	0	100000:0	#FF8888
utig4-788	100000	0	100000:0	#FF8888
utig4-1007	100000	0	100000:0	#FF8888
utig4-1087	100000	0	100000:0	#FF8888
utig4-409	100000	0	100000:0	#FF8888
utig4-999	100000	0	100000:0	#FF8888
utig4-46	100000	0	100000:0	#FF8888
utig4-49	100000	0	100000:0	#FF8888
utig4-936	100000	0	100000:0	#FF8888
utig4-789	100000	0	100000:0	#FF8888
utig4-182	100000	0	100000:0	#FF8888
utig4-886	100000	0	100000:0	#FF8888
utig4-1031	0	100000	0:100000	#8888FF
utig4-48	0	100000	0:100000	#8888FF
utig4-326	0	100000	0:100000	#8888FF
utig4-955	0	100000	0:100000	#8888FF
utig4-446	0	100000	0:100000	#8888FF
utig4-998	0	100000	0:100000	#8888FF
utig4-432	0	100000	0:100000	#8888FF
utig4-809	0	100000	0:100000	#8888FF
utig4-958	0	100000	0:100000	#8888FF
utig4-941	0	100000	0:100000	#8888FF
utig4-47	0	100000	0:100000	#8888FF
utig4-737	0	100000	0:100000	#8888FF
utig4-981	0	100000	0:100000	#8888FF
utig4-541	0	100000	0:100000	#8888FF
utig4-22	0	100000	0:100000	#8888FF
utig4-892	0	100000	0:100000	#8888FF
utig4-20	0	100000	0:100000	#8888FF
utig4-703	0	100000	0:100000	#8888FF
utig4-543	0	100000	0:100000	#8888FF
utig4-771	0	100000	0:100000	#8888FF
utig4-812	5	14	5:14	#88FF88
utig4-793	20	2	20:2	#88FF88
utig4-716	4	13	4:13	#88FF88
utig4-93	100000	0	100000:0	#FF8888
utig4-95	100000	0	100000:0	#FF8888
utig4-899	100000	0	100000:0	#FF8888
utig4-824	100000	0	100000:0	#FF8888
utig4-150	100000	0	100000:0	#FF8888
utig4-839	100000	0	100000:0	#FF8888
utig4-833	100000	0	100000:0	#FF8888
utig4-148	100000	0	100000:0	#FF8888
utig4-82	100000	0	100000:0	#FF8888
utig4-822	100000	0	100000:0	#FF8888
utig4-618	100000	0	100000:0	#FF8888
utig4-706	100000	0	100000:0	#FF8888
utig4-900	100000	0	100000:0	#FF8888
utig4-1021	100000	0	100000:0	#FF8888
utig4-1030	0	100000	0:100000	#8888FF
utig4-840	0	100000	0:100000	#8888FF
utig4-1104	0	100000	0:100000	#8888FF
utig4-901	0	100000	0:100000	#8888FF
utig4-617	0	100000	0:100000	#8888FF
utig4-83	0	100000	0:100000	#8888FF
utig4-898	0	100000	0:100000	#8888FF
utig4-96	0	100000	0:100000	#8888FF
utig4-707	0	100000	0:100000	#8888FF
utig4-94	0	100000	0:100000	#8888FF
utig4-823	24	4	24:4	#88FF88
utig4-1048	1	12	1:12	#88FF88
utig4-1037	2	22	2:22	#88FF88
utig4-147	24	3	24:3	#88FF88
utig4-1091	100000	0	100000:0	#FF8888
utig4-888	100000	0	100000:0	#FF8888
utig4-668	100000	0	100000:0	#FF8888
utig4-884	100000	0	100000:0	#FF8888
utig4-794	100000	0	100000:0	#FF8888
utig4-986	100000	0	100000:0	#FF8888
utig4-667	0	100000	0:100000	#8888FF
utig4-887	0	100000	0:100000	#8888FF
utig4-669	0	100000	0:100000	#8888FF
utig4-492	100000	0	100000:0	#FF8888
utig4-748	100000	0	100000:0	#FF8888
utig4-1016	100000	0	100000:0	#FF8888
utig4-745	0	100000	0:100000	#8888FF
utig4-1107	0	100000	0:100000	#8888FF
utig4-425	100000	0	100000:0	#FF8888
utig4-646	100000	0	100000:0	#FF8888
utig4-125	100000	0	100000:0	#FF8888
utig4-861	100000	0	100000:0	#FF8888
utig4-644	100000	0	100000:0	#FF8888
utig4-803	100000	0	100000:0	#FF8888
utig4-806	100000	0	100000:0	#FF8888
utig4-800	100000	0	100000:0	#FF8888
utig4-109	100000	0	100000:0	#FF8888
utig4-647	0	100000	0:100000	#8888FF
utig4-862	0	100000	0:100000	#8888FF
utig4-124	0	100000	0:100000	#8888FF
utig4-799	0	100000	0:100000	#8888FF
utig4-426	0	100000	0:100000	#8888FF
utig4-645	0	100000	0:100000	#8888FF
utig4-802	0	100000	0:100000	#8888FF
utig4-807	0	100000	0:100000	#8888FF
utig4-110	0	100000	0:100000	#8888FF
utig4-595	100000	0	100000:0	#FF8888
utig4-1047	100000	0	100000:0	#FF8888
utig4-15	100000	0	100000:0	#FF8888
utig4-1093	100000	0	100000:0	#FF8888
utig4-362	100000	0	100000:0	#FF8888
utig4-18	100000	0	100000:0	#FF8888
utig4-597	100000	0	100000:0	#FF8888
utig4-796	0	100000	0:100000	#8888FF
utig4-598	0	100000	0:100000	#8888FF
utig4-17	0	100000	0:100000	#8888FF
utig4-365	0	100000	0:100000	#8888FF
utig4-860	0	100000	0:100000	#8888FF
utig4-1121	0	100000	0:100000	#8888FF
utig4-596	0	100000	0:100000	#8888FF
utig4-16	0	100000	0:100000	#8888FF
utig4-847	100000	0	100000:0	#FF8888
utig4-786	100000	0	100000:0	#FF8888
utig4-753	100000	0	100000:0	#FF8888
utig4-849	100000	0	100000:0	#FF8888
utig4-1069	100000	0	100000:0	#FF8888
utig4-88	100000	0	100000:0	#FF8888
utig4-87	0	100000	0:100000	#8888FF
utig4-850	0	100000	0:100000	#8888FF
utig4-848	0	100000	0:100000	#8888FF
utig4-785	0	100000	0:100000	#8888FF
utig4-1008	0	100000	0:100000	#8888FF
utig4-752	0	100000	0:100000	#8888FF
utig4-51	100000	0	100000:0	#FF8888
utig4-53	100000	0	100000:0	#FF8888
utig4-54	0	100000	0:100000	#8888FF
utig4-52	0	100000	0:100000	#8888FF
utig4-870	0	100000	0:100000	#8888FF
utig4-872	100000	0	100000:0	#FF8888
utig4-730	100000	0	100000:0	#FF8888
utig4-1	0	100000	0:100000	#8888FF
utig4-321	0	100000	0:100000	#8888FF
utig4-873	0	100000	0:100000	#8888FF
utig4-67	100000	0	100000:0	#FF8888
utig4-879	100000	0	100000:0	#FF8888
utig4-65	100000	0	100000:0	#FF8888
utig4-289	100000	0	100000:0	#FF8888
utig4-1017	100000	0	100000:0	#FF8888
utig4-877	0	100000	0:100000	#8888FF
utig4-290	0	100000	0:100000	#8888FF
utig4-878	0	100000	0:100000	#8888FF
utig4-68	0	100000	0:100000	#8888FF
utig4-66	0	100000	0:100000	#8888FF
utig4-895	100000	0	100000:0	#FF8888
utig4-659	100000	0	100000:0	#FF8888
utig4-818	100000	0	100000:0	#FF8888
utig4-817	100000	0	100000:0	#FF8888
utig4-819	0	100000	0:100000	#8888FF
utig4-816	0	100000	0:100000	#8888FF
utig4-893	0	100000	0:100000	#8888FF
utig4-660	0	100000	0:100000	#8888FF
utig4-1111	100000	0	100000:0	#FF8888
utig4-1110	100000	0	100000:0	#FF8888
utig4-1053	0	100000	0:100000	#8888FF
utig4-1112	0	100000	0:100000	#8888FF
utig4-1086	0	100000	0:100000	#8888FF
utig4-33	100000	0	100000:0	#FF8888
utig4-90	100000	0	100000:0	#FF8888
utig4-91	0	100000	0:100000	#8888FF
utig4-34	0	100000	0:100000	#8888FF
utig4-37	100000	0	100000:0	#FF8888
utig4-63	100000	0	100000:0	#FF8888
utig4-38	100000	0	100000:0	#FF8888
utig4-36	0	100000	0:100000	#8888FF
utig4-62	0	100000	0:100000	#8888FF
utig4-39	0	100000	0:100000	#8888FF
utig4-1083	100000	0	100000:0	#FF8888
utig4-1020	100000	0	100000:0	#FF8888
utig4-1081	100000	0	100000:0	#FF8888
utig4-1080	0	100000	0:100000	#8888FF
utig4-1079	0	100000	0:100000	#8888FF
utig4-1088	0	100000	0:100000	#8888FF
utig4-44	100000	0	100000:0	#FF8888
utig4-41	100000	0	100000:0	#FF8888
utig4-591	100000	0	100000:0	#FF8888
utig4-42	0	100000	0:100000	#8888FF
utig4-43	0	100000	0:100000	#8888FF
utig4-590	0	100000	0:100000	#8888FF
utig4-76	100000	0	100000:0	#FF8888
utig4-857	100000	0	100000:0	#FF8888
utig4-859	0	100000	0:100000	#8888FF
utig4-75	0	100000	0:100000	#8888FF
utig4-77	12	2	12:2	#88FF88
utig4-1105	100000	0	100000:0	#FF8888
utig4-1097	100000	0	100000:0	#FF8888
utig4-338	0	100000	0:100000	#8888FF
utig4-1098	0	100000	0:100000	#8888FF
utig4-918	100000	0	100000:0	#FF8888
utig4-921	100000	0	100000:0	#FF8888
utig4-920	0	100000	0:100000	#8888FF
utig4-919	0	100000	0:100000	#8888FF
utig4-544	100000	0	100000:0	#FF8888
utig4-876	0	100000	0:100000	#8888FF
